headline,link,image,category
"PCB chairman Zaka Ashraf calls India ‘dushman mulk’, Pakistani fans slam remarks",https://timesofindia.indiatimes.com/videos/toi-original/icc-world-cup-2023-pcb-chairman-zaka-ashraf-calls-india-dushman-mulk-pakistani-fans-slam-remarks/videoshow/104048826.cms,https://static.toiimg.com/photo/msid-25581306/25581306.jpg,india
"PCB chairman Zaka Ashraf calls India ‘dushman mulk’, Pakistani fans slam remarks",https://timesofindia.indiatimes.com/videos/toi-original/icc-world-cup-2023-pcb-chairman-zaka-ashraf-calls-india-dushman-mulk-pakistani-fans-slam-remarks/videoshow/104048826.cms,https://static.toiimg.com/photo/msid-25581306/25581306.jpg,india
Caught on cam: Lawyer manhandles cop during a towing operation in Lucknow’s Hazratganj,https://timesofindia.indiatimes.com/videos/toi-original/caught-on-cam-lawyer-manhandles-cop-during-a-towing-operation-in-lucknows-hazratganj/videoshow/104049671.cms,https://static.toiimg.com/photo/msid-25581306/25581306.jpg,india
Kerala farmer arrives in Audi A4 to sell vegetables at roadside market,https://timesofindia.indiatimes.com/videos/toi-original/kerala-farmer-arrives-in-audi-a4-to-sell-vegetables-at-roadside-market/videoshow/104049314.cms,https://static.toiimg.com/photo/msid-25581306/25581306.jpg,india
"UN lacks credibility and, to large degree, effectiveness: Jaishankar",https://timesofindia.indiatimes.com/videos/toi-original/un-lacks-credibility-and-to-large-degree-effectiveness-jaishankar/videoshow/104051089.cms,https://static.toiimg.com/photo/msid-25581306/25581306.jpg,india
Jewellery shop heist in Delhi’s Bhogal caught on CCTV,https://timesofindia.indiatimes.com/videos/toi-original/jewellery-shop-heist-in-delhis-bhogal-caught-on-cctv/videoshow/104049002.cms,https://static.toiimg.com/photo/msid-25581306/25581306.jpg,india
S. Jaishankar: Decade of Yoga advocacy improved global health,https://timesofindia.indiatimes.com/videos/toi-original/s-jaishankar-decade-of-yoga-advocacy-improved-global-health/videoshow/104050075.cms,https://static.toiimg.com/photo/msid-25581306/25581306.jpg,india
"PMLA court issues arrest warrants against Haryana Congress MLA, his two sons",https://timesofindia.indiatimes.com/india/pmla-court-issues-arrest-warrants-against-haryana-congress-mla-his-two-sons/articleshow/104073411.cms,"https://static.toiimg.com/thumb/imgsize-18034,msid-104073467,width-600,resizemode-4/104073467.jpg",india
RJD faces flak over 'lipstick' remark by top leader,https://timesofindia.indiatimes.com/india/rjd-faces-flak-over-lipstick-remark-by-top-leader/articleshow/104072441.cms,"https://static.toiimg.com/thumb/imgsize-123456,msid-78553754,width-600,resizemode-4/78553754.jpg",india
25 buses carrying TMC volunteers start out from Kolkata for Delhi demonstration on October 3,https://timesofindia.indiatimes.com/india/25-buses-carrying-tmc-volunteers-start-out-from-kolkata-for-delhi-demonstration-on-october-3/articleshow/104072198.cms,"https://static.toiimg.com/thumb/imgsize-1757659,msid-104072214,width-600,resizemode-4/104072214.jpg",india
"Aditya’s beyond Earth's influence; URSC software key to knowing its ‘past, present & future’, staying at vantage point",https://timesofindia.indiatimes.com/india/adityas-beyond-earths-influence-ursc-software-key-to-knowing-its-past-present-future-staying-at-vantage-point/articleshow/104071882.cms,"https://static.toiimg.com/thumb/imgsize-504954,msid-104071921,width-600,resizemode-4/104071921.jpg",india
India participates in 5th meeting of Moscow format consultations on Afghanistan in Kazan,https://timesofindia.indiatimes.com/india/india-participates-in-5th-meeting-of-moscow-format-consultations-on-afghanistan-in-kazan/articleshow/104071349.cms,"https://static.toiimg.com/thumb/imgsize-1249488,msid-104071492,width-600,resizemode-4/104071492.jpg",india
"Monsoon 2023 to end with below-normal rains, global warming fuels erratic weather",https://timesofindia.indiatimes.com/india/monsoon-2023-to-end-with-below-normal-rains-global-warming-fuels-erratic-weather/articleshow/104071360.cms,"https://static.toiimg.com/thumb/imgsize-222388,msid-104071374,width-600,resizemode-4/104071374.jpg",india
Aditya-L1 has successfully escaped sphere of Earth's influence: Isro,https://timesofindia.indiatimes.com/india/aditya-l1-has-successfully-escaped-sphere-of-earths-influence-isro/articleshow/104070894.cms,"https://static.toiimg.com/thumb/imgsize-35442,msid-104070894,width-600,resizemode-4/104070894.jpg",india
Aditya-L1 has successfully escaped sphere of Earth's influence: Isro,https://timesofindia.indiatimes.com/india/aditya-l1-has-successfully-escaped-sphere-of-earths-influence-isro/articleshow/104070894.cms,"https://static.toiimg.com/thumb/imgsize-35442,msid-104070894,width-600,resizemode-4/104070894.jpg",india
Army turns to ancient Indian texts to prepare for wars of the future,https://timesofindia.indiatimes.com/india/army-turns-to-ancient-indian-texts-to-prepare-for-wars-of-the-future/articleshow/104052487.cms,"https://static.toiimg.com/thumb/imgsize-25490,msid-104052487,width-600,resizemode-4/104052487.jpg",india
NIA arrests Seiminlun Gangte in transnational conspiracy case,https://timesofindia.indiatimes.com/india/nia-arrests-seiminlun-gangte-in-transnational-conspiracy-case/articleshow/104071181.cms,"https://static.toiimg.com/thumb/imgsize-54928,msid-104071181,width-600,resizemode-4/104071181.jpg",india
Grand comeback of luxury train after post-pandemic refurbishment,https://timesofindia.indiatimes.com/india/grand-comeback-of-luxury-train-after-post-pandemic-refurbishment/articleshow/104047640.cms,"https://static.toiimg.com/thumb/imgsize-91286,msid-104047640,width-600,resizemode-4/104047640.jpg",india
How 100kg seeds from Mexico made India a wheat basket,https://timesofindia.indiatimes.com/india/how-100kg-seeds-from-mexico-made-india-a-wheat-basket/articleshow/104027177.cms,"https://static.toiimg.com/thumb/imgsize-200588,msid-104027177,width-600,resizemode-4/104027177.jpg",india
Engineers to face music for potholes on national highway: Government,https://timesofindia.indiatimes.com/india/engineers-to-face-music-for-potholes-on-national-highway-government/articleshow/104052500.cms,"https://static.toiimg.com/thumb/imgsize-1787277,msid-104052500,width-80,resizemode-4/104052500.jpg",india
'Will take stern action if ...': PM Modi's latest 'corruption' swipe at Chhattisgarh government,https://timesofindia.indiatimes.com/india/will-take-stern-action-if-pm-modis-latest-corruption-swipe-at-chhattisgarh-government/articleshow/104069982.cms,"https://static.toiimg.com/thumb/imgsize-30774,msid-104069982,width-80,resizemode-4/104069982.jpg",india
"Amethi hospital licence row: Resentment against 'naam' should not spoil 'kaam' for lakhs, says Varun Gandhi",https://timesofindia.indiatimes.com/india/amethi-hospital-licence-row-resentment-against-naam-should-not-spoil-kaam-for-lakhs-says-varun-gandhi/articleshow/104069278.cms,"https://static.toiimg.com/thumb/imgsize-507200,msid-104069278,width-80,resizemode-4/104069278.jpg",india
'Let's not normalise what is happening in Canada': EAM S Jaishankar,https://timesofindia.indiatimes.com/india/lets-not-normalise-what-is-happening-in-canada-s-jaishankar/articleshow/104054067.cms,"https://static.toiimg.com/thumb/imgsize-2529998,msid-104054067,width-80,resizemode-4/104054067.jpg",india
Travel agents in crisis mode with more tax compliance and travellers who are self-reliant,https://timesofindia.indiatimes.com/india/travel-agents-in-crisis-mode-with-more-tax-compliance-and-travellers-who-are-self-reliant/articleshow/104071027.cms,"https://static.toiimg.com/thumb/imgsize-562645,msid-104071144,width-600,resizemode-4/104071144.jpg",india
"Chhattisgarh: PM Modi targets Congress over corruption, pledges change and progress under BJP rule",https://timesofindia.indiatimes.com/india/pm-modi-targets-congress-over-corruption-pledges-change-and-progress-under-bjp-rule/articleshow/104071023.cms,"https://static.toiimg.com/thumb/imgsize-1242902,msid-104071031,width-600,resizemode-4/104071031.jpg",india
"Himachal CM Sukhvinder Singh Sukhu announces Rs 4,500-crore package to aid disaster-hit people",https://timesofindia.indiatimes.com/india/himachal-cm-sukhvinder-singh-sukhu-announces-rs-4500-crore-package-to-aid-disaster-hit-people/articleshow/104070863.cms,"https://static.toiimg.com/thumb/imgsize-172576,msid-104070925,width-600,resizemode-4/104070925.jpg",india
Aditya-L1 has successfully escaped sphere of Earth's influence: Isro,https://timesofindia.indiatimes.com/india/aditya-l1-has-successfully-escaped-sphere-of-earths-influence-isro/articleshow/104070894.cms,"https://static.toiimg.com/thumb/imgsize-35442,msid-104070893,width-600,resizemode-4/104070893.jpg",india
14 visionaries across India honoured at the 14th NCPEDP-Mphasis Universal Design Awards 2023,https://timesofindia.indiatimes.com/india/14-visionaries-across-india-honoured-at-the-14th-ncpedp-mphasis-universal-design-awards-2023/articleshow/104070484.cms,"https://static.toiimg.com/thumb/imgsize-1183368,msid-104070708,width-600,resizemode-4/104070708.jpg",india
'Disgraceful incident': India's sharp reaction over envoy being stopped from entering UK gurdwara,https://timesofindia.indiatimes.com/india/disgraceful-incident-indias-sharp-reaction-envoy-being-stopped-from-entering-uk-gurdwara/articleshow/104070534.cms,"https://static.toiimg.com/thumb/imgsize-23888,msid-104070691,width-600,resizemode-4/104070691.jpg",india
"ED's summons, cancellation of trains cannot crush TMC's demonstration in Delhi: Abhishek Banerjee",https://timesofindia.indiatimes.com/india/eds-summons-cancellation-of-trains-cannot-crush-tmcs-demonstration-in-delhi-abhishek-banerjee/articleshow/104070693.cms,"https://static.toiimg.com/thumb/imgsize-110496,msid-104070690,width-600,resizemode-4/104070690.jpg",india
'Will take stern action if ...': PM Modi's latest 'corruption' swipe at Chhattisgarh government,https://timesofindia.indiatimes.com/india/will-take-stern-action-if-pm-modis-latest-corruption-swipe-at-chhattisgarh-government/articleshow/104069982.cms,"https://static.toiimg.com/thumb/imgsize-30774,msid-104070014,width-600,resizemode-4/104070014.jpg",india
14 minute miracle: Now Vande Bharat trains to be cleaned & ready in 14 mins for next trip,https://timesofindia.indiatimes.com/india/govt-to-implement-14-minutes-miracle-scheme-for-vande-bharat-trains-from-october-1/articleshow/104069665.cms,"https://static.toiimg.com/thumb/imgsize-1014398,msid-104069663,width-600,resizemode-4/104069663.jpg",india
Vice President Dhankhar hits out at Chidambaram for his remarks on women's reservation law,https://timesofindia.indiatimes.com/india/vice-president-dhankhar-hits-out-at-chidambaram-for-his-remarks-on-womens-reservation-law/articleshow/104069417.cms,"https://static.toiimg.com/thumb/imgsize-71010,msid-104069531,width-600,resizemode-4/104069531.jpg",india
Viral map depicts direct sea route between India & US; Elon Musk reacts,https://timesofindia.indiatimes.com/india/viral-map-shows-direct-sea-route-between-india-us-elon-musk-reacts/articleshow/104069350.cms,"https://static.toiimg.com/thumb/imgsize-888453,msid-104069421,width-600,resizemode-4/104069421.jpg",india
"Amethi hospital licence row: Resentment against 'naam' should not spoil 'kaam' for lakhs, says Varun Gandhi",https://timesofindia.indiatimes.com/india/amethi-hospital-licence-row-resentment-against-naam-should-not-spoil-kaam-for-lakhs-says-varun-gandhi/articleshow/104069278.cms,"https://static.toiimg.com/thumb/imgsize-507200,msid-104069305,width-600,resizemode-4/104069305.jpg",india
"Upset over JD(S)-BJP alliance, JD(S) state president Ibrahim says he will decide on future after meeting like-minded people",https://timesofindia.indiatimes.com/india/upset-over-jds-bjp-alliance-jds-state-president-ibrahim-says-he-will-decide-on-future-after-meeting-like-minded-people/articleshow/104069142.cms,"https://static.toiimg.com/thumb/imgsize-1119017,msid-104069255,width-600,resizemode-4/104069255.jpg",india
Push to investment to create fresh employment opportunities for local youth: Pushkar Singh Dhami,https://timesofindia.indiatimes.com/india/push-to-investment-to-create-fresh-employment-opportunities-for-local-youth-pushkar-singh-dhami/articleshow/104068911.cms,"https://static.toiimg.com/thumb/imgsize-832262,msid-104069009,width-600,resizemode-4/104069009.jpg",india
"Early detection, effective treatment helped in bringing down Nipah mortality rate to 33 percent: Kerala Health minister",https://timesofindia.indiatimes.com/india/early-detection-effective-treatment-helped-in-bringing-down-nipah-mortality-rate-to-33-percent-kerala-health-minister/articleshow/104068455.cms,"https://static.toiimg.com/thumb/imgsize-22346,msid-104068949,width-600,resizemode-4/104068949.jpg",india
"Monsoon ends with 'normal' rainfall as positive factors countered El Nino effect, says IMD",https://timesofindia.indiatimes.com/india/monsoon-ends-with-normal-rainfall-as-positive-factors-countered-el-nino-effect-says-imd/articleshow/104068566.cms,"https://static.toiimg.com/thumb/imgsize-599197,msid-104068532,width-600,resizemode-4/104068532.jpg",india
Country's economy will increase tenfold by 2047: Union minister Piyush Goyal,https://timesofindia.indiatimes.com/india/countrys-economy-will-increase-tenfold-by-2047-union-minister-piyush-goyal/articleshow/104067708.cms,"https://static.toiimg.com/thumb/imgsize-123456,msid-78553754,width-600,resizemode-4/78553754.jpg",india
"Sikh separatism is a non-issue in India, except as a political boogeyman",https://timesofindia.indiatimes.com/india/sikh-separatism-is-a-non-issue-in-india-except-as-a-political-boogeyman/articleshow/104035869.cms,"https://static.toiimg.com/thumb/imgsize-50870,msid-104036322,width-600,resizemode-4/104036322.jpg",india
How young India is rapidly turning into an ageing society,https://timesofindia.indiatimes.com/india/how-young-india-is-rapidly-turning-into-an-ageing-society/articleshow/104014704.cms,"https://static.toiimg.com/thumb/imgsize-41708,msid-104014830,width-600,resizemode-4/104014830.jpg",india
"Relentless India pressure makes US, Canada rethink",https://timesofindia.indiatimes.com/india/relentless-india-pressure-makes-us-canada-rethink/articleshow/104061774.cms,"https://static.toiimg.com/thumb/imgsize-23186,msid-104062261,width-600,resizemode-4/104062261.jpg",india
Electoral bonds are legalised bribery: P Chidambaram,https://timesofindia.indiatimes.com/india/electoral-bonds-are-legalised-bribery-p-chidambaram/articleshow/104065369.cms,"https://static.toiimg.com/thumb/imgsize-755123,msid-104065347,width-600,resizemode-4/104065347.jpg",india
"World Cultural Festival: EAM Jaishankar, Art of Living's Sri Sri Ravi Shankar call for strengthening ties, solidarity, promotion of peace",https://timesofindia.indiatimes.com/india/world-cultural-festival-eam-jaishankar-art-of-livings-sri-sri-ravi-shankar-call-for-strengthening-ties-solidarity-promotion-of-peace/articleshow/104062569.cms,"https://static.toiimg.com/thumb/imgsize-63124,msid-104064924,width-600,resizemode-4/104064924.jpg",india
"J&K: Security forces foil infiltration bid along LoC in Kupwara, 2 terrorists killed",https://timesofindia.indiatimes.com/india/jk-security-forces-foil-infiltration-bid-along-loc-in-kupwara-2-terrorists-killed/articleshow/104064378.cms,"https://static.toiimg.com/thumb/imgsize-1056908,msid-104064480,width-600,resizemode-4/104064480.jpg",india
NIA files supplementary chargesheet against four Naxals in murder case in Bihar,https://timesofindia.indiatimes.com/india/nia-files-supplementary-chargesheet-against-four-naxals-in-murder-case-in-bihar/articleshow/104064113.cms,"https://static.toiimg.com/thumb/imgsize-45044,msid-104064182,width-600,resizemode-4/104064182.jpg",india
"Medal rush at Asian Games: India outshines Pakistan with historic squash, hockey triumphs",https://timesofindia.indiatimes.com/sports/asian-games-2023/india-asian-games/asian-games-india-pip-pakistan-to-clinch-squash-gold-record-biggest-ever-win-over-arch-rivals-in-hockey/articleshow/104073061.cms,"https://static.toiimg.com/thumb/imgsize-89978,msid-104073184,width-600,resizemode-4/104073184.jpg",
'14-min miracle': India takes leaf out of Japan's bullet trains,https://timesofindia.indiatimes.com/business/india-business/vande-bharat-express-14-minute-cleaning-miracle-explained-how-indian-railways-is-taking-a-leaf-from-japans-bullet-trains/articleshow/104071893.cms,https://static.toiimg.com/photo/msid-25581306/25581306.jpg,
Visual story: Will Mumbai lose its most storied garden?,https://timesofindia.indiatimes.com/city/mumbai/is-mumbai-losing-its-most-romantic-storied-garden/articleshow/104034388.cms,https://static.toiimg.com/photo/msid-25581306/25581306.jpg,
"Maldives prez polls: India, China influence takes centre stage",https://timesofindia.indiatimes.com/world/south-asia/pro-beijing-frontrunner-leads-maldives-presidential-polls-as-india-china-influence-takes-centre-stage/articleshow/104072895.cms,https://static.toiimg.com/photo/msid-25581306/25581306.jpg,
Sun mission: Aditya-L1 escapes Earth's sphere of influence,https://timesofindia.indiatimes.com/india/adityas-beyond-earths-influence-ursc-software-key-to-knowing-its-past-present-future-staying-at-vantage-point/articleshow/104071882.cms,https://static.toiimg.com/photo/msid-25581306/25581306.jpg,
'Disgraceful': India after envoy stopped from entering UK gurdwara,https://timesofindia.indiatimes.com/india/disgraceful-incident-indias-sharp-reaction-envoy-being-stopped-from-entering-uk-gurdwara/articleshow/104070534.cms,https://static.toiimg.com/photo/msid-25581306/25581306.jpg,
Andhra Pradesh posts 13% deficient rainfall this monsoon,https://timesofindia.indiatimes.com/city/visakhapatnam/andhra-pradesh-posts-13-deficient-rainfall-this-monsoon/articleshow/104070404.cms,https://static.toiimg.com/photo/msid-25581306/25581306.jpg,
"More than protests, Cauvery row needs a lasting solution: Kannada cinestars",https://timesofindia.indiatimes.com/city/bengaluru/more-than-protests-cauvery-row-needs-a-lasting-solution-kannada-cinestars/articleshow/104054958.cms,https://static.toiimg.com/photo/msid-25581306/25581306.jpg,
Why SC decided to revisit verdict it gave 25 years ago,https://timesofindia.indiatimes.com/india/why-top-court-decided-to-revisit-verdict-it-gave-25-years-ago/articleshow/103991839.cms,https://static.toiimg.com/photo/msid-25581306/25581306.jpg,
New era of foldables? Meet the Samsung Galaxy Z Fold5,https://www.gadgetsnow.com/gn-advertorial/a-new-era-of-foldables-meet-the-5th-generation-galaxy-z-fold5-from-samsung-rocking-a-snapdragon-chipset-for-galaxy-an-expansive-7-6-inch-screen-a-ui-that-fuels-productivity/articleshow/103927442.cms,https://static.toiimg.com/photo/msid-25581306/25581306.jpg,
Shopping: Live Now! Kickstarter Deals - Shop Festive Deals Before Sale,https://timesofindia.indiatimes.com/amazon-bestsellers,https://static.toiimg.com/photo/msid-25581306/25581306.jpg,
Check out AJIO's All Stars Sale,https://timesofindia.indiatimes.com/spotlight/heres-the-fashion-edit-your-closet-deserves-uber-cool-finds-from-ajios-all-stars-sale-that-are-must-haves/articleshow/104048323.cms,https://static.toiimg.com/photo/msid-25581306/25581306.jpg,
8 tourists dead as bus falls into gorge in TN's Marapalam,https://timesofindia.indiatimes.com/city/coimbatore/8-tourists-dead-as-bus-falls-into-gorge-in-tamil-nadus-marapalam/articleshow/104072797.cms,https://static.toiimg.com/photo/msid-25581306/25581306.jpg,
Asian Games: The 'other battles' for medals and glory,https://timesofindia.indiatimes.com/sports/asian-games-2023/india-asian-games/asian-games-the-other-battles-for-medals-and-glory/articleshow/104071785.cms,https://static.toiimg.com/photo/msid-25581306/25581306.jpg,
Asian Games: India thrash Pakistan 10-2 in men's hockey,https://timesofindia.indiatimes.com/sports/asian-games-2023/live-updates-of-asian-games-2023-day-7-golf-equestrian-athletics-weightlifting-table-tennis-boxing/liveblog/104054939.cms,https://static.toiimg.com/photo/msid-25581306/25581306.jpg,
TCS may completely end work-from-home for employees,https://www.gadgetsnow.com/tech-news/tcs-may-completely-end-work-from-home-for-employees-all-the-details/articleshow/104062842.cms,https://static.toiimg.com/photo/msid-25581306/25581306.jpg,
New GST rules for gaming from October 1,https://www.gadgetsnow.com/slideshows/explained-new-gst-rules-for-gaming-from-october-1-all-thats-changing-what-they-mean-for-gamers-and-companies/photolist/104065418.cms,https://static.toiimg.com/photo/msid-25581306/25581306.jpg,
Tim Cook on why Vision Pro is one of life's 'a-ha' moments,https://www.gadgetsnow.com/tech-news/apple-ceo-tim-cook-on-why-vision-pro-is-one-of-lifes-a-ha-moments/articleshow/104058747.cms,https://static.toiimg.com/photo/msid-25581306/25581306.jpg,
"Hang my son, I’d have shot him: Father of Ujjain rape accused",https://timesofindia.indiatimes.com/city/indore/hang-my-son-id-have-shot-him-father-of-ujjain-rape-accused/articleshow/104052696.cms,https://static.toiimg.com/photo/msid-25581306/25581306.jpg,
How cops scanned 5k mobile numbers to crack Rs 25cr heist,https://timesofindia.indiatimes.com/city/delhi/needle-in-a-haystack-how-cops-scanned-5k-mobile-numbers-to-crack-rs-25cr-heist/articleshow/104055687.cms,https://static.toiimg.com/photo/msid-25581306/25581306.jpg,
Most adorable Bigg Boss couples of all time,https://timesofindia.indiatimes.com/tv/news/hindi/from-tejasswi-prakash-karan-kundrra-to-aly-goni-jasmin-bhasin-most-adorable-bigg-boss-couples/photostory/104070199.cms,https://static.toiimg.com/photo/msid-25581306/25581306.jpg,
Army turns to ancient Indian texts to prepare for wars of future,https://timesofindia.indiatimes.com/india/army-turns-to-ancient-indian-texts-to-prepare-for-wars-of-the-future/articleshow/104052487.cms,https://static.toiimg.com/photo/msid-25581306/25581306.jpg,
Tamil Nadu: Eight tourists die as bus falls into a gorge near Ooty,https://timesofindia.indiatimes.com/videos/news/tamil-nadu-eight-tourists-die-as-bus-falls-into-a-gorge-near-ooty-in-tamil-nadu/videoshow/104073583.cms,https://static.toiimg.com/photo/msid-25581306/25581306.jpg,
Anushka and Virat Kohli expecting their second baby after Vamika?,https://timesofindia.indiatimes.com/videos/etimes/bollywood/anushka-sharma-and-cricketer-virat-kohli-are-expecting-their-second-baby-reports/videoshow/104067557.cms,https://static.toiimg.com/photo/msid-25581306/25581306.jpg,
"Actress Archana Gautam, her father allegedly manhandled outside Congress office: Reports",https://timesofindia.indiatimes.com/videos/etimes/bollywood/actress-archana-gautam-and-her-father-allegedly-manhandled-outside-congress-office-reports/videoshow/104062567.cms,https://static.toiimg.com/photo/msid-25581306/25581306.jpg,
‘Want X-ray of India done’: Rahul Gandhi calls for caste census,https://timesofindia.indiatimes.com/videos/news/want-x-ray-of-india-done-rahul-gandhi-again-calls-for-caste-census-says-bjp-is-trembling-with-fear/videoshow/104073077.cms,https://static.toiimg.com/photo/msid-25581306/25581306.jpg,
"Ilhan Omar needles India, gets schooled",https://timesofindia.indiatimes.com/videos/toi-original/anti-india-us-congresswoman-ilhan-omar-gets-schooled-by-shiv-sena-ubt-mp-priyanka-chaturvedi/videoshow/104072327.cms,https://static.toiimg.com/photo/msid-25581306/25581306.jpg,
Meet MSI Prestige 13 EVO: A Definite Game-Changer,https://timesofindia.indiatimes.com/msi-prestige-13-evo/articleshow/104042800.cms,https://static.toiimg.com/photo/msid-25581306/25581306.jpg,
Myntra's upcoming sale: Go-to for kids fashion,https://timesofindia.indiatimes.com/spotlight/festive-wear-for-kids-on-your-mind-look-no-further-myntras-big-fashion-festival-is-here/articleshow/104044888.cms,https://static.toiimg.com/photo/msid-25581306/25581306.jpg,
"Amid India Canada row, Baloch activist's husband demands action against Pakistan, alleging ISI's involvement in Karim Baloch's killing",https://timesofindia.indiatimes.com/videos/news/amid-india-canada-row-baloch-activists-husband-demands-action-against-pakistan-alleging-isis-involvement-in-karim-balochs-killing/videoshow/104031536.cms,https://static.toiimg.com/photo/msid-25581306/25581306.jpg,
Cars with big boot space under Rs 10 lakh in India: For more than weekend luggage,https://timesofindia.indiatimes.com/auto/web-stories/cars-with-big-boot-space-under-rs-10-lakh-in-india-for-more-than-weekend-luggage/photostory/104065448.cms,https://static.toiimg.com/photo/msid-25581306/25581306.jpg,
Inciting Violence is NOT Freedom of Speech: S Jaishankar,https://timesofindia.indiatimes.com/https/youtu-be/de5o3szi7ji/videoshow/104072539.cms,https://static.toiimg.com/photo/msid-25581306/25581306.jpg,
Priyamani: I had a crush on Shah Rukh Khan,https://timesofindia.indiatimes.com/entertainment/hindi/bollywood/news/priyamani-i-had-a-crush-on-shah-rukh-khan-and-i-am-happy-that-i-got-to-work-with-him-twice-biginterview/articleshow/104058899.cms,https://static.toiimg.com/photo/msid-25581306/25581306.jpg,
Rohit to kick-start Rambo with Tiger & Janhvi,https://timesofindia.indiatimes.com/entertainment/hindi/bollywood/news/rohit-dhawan-to-kick-start-rambo-with-tiger-shroff-and-janhvi-kapoor-soon-siddharth-malhotra-to-join-after-fighter-shoot-exclusive/articleshow/104071305.cms,https://static.toiimg.com/photo/msid-25581306/25581306.jpg,
Esha revisits her two casting couch encounters,https://timesofindia.indiatimes.com/entertainment/hindi/bollywood/news/esha-gupta-revisits-her-two-casting-couch-encounters-there-were-two-people-who-laid-the-trap/articleshow/104071122.cms,https://static.toiimg.com/photo/msid-25581306/25581306.jpg,
Actress' skincare routines for natural glow,https://timesofindia.indiatimes.com/entertainment/hindi/web-stories/10-bollywood-actresses-and-their-skincare-routines-that-promote-natural-glow/photostory/104073178.cms,https://static.toiimg.com/photo/msid-25581306/25581306.jpg,
Arjun wishes Deepti on her birthday,https://timesofindia.indiatimes.com/tv/news/hindi/arjun-bijlani-wishes-maasi-and-actress-deepti-bhatnagar-on-her-56th-birthday-with-a-cute-post-says-aap-jaisa-koi-nahi-love-u-so-much/articleshow/104072138.cms,https://static.toiimg.com/photo/msid-25581306/25581306.jpg,
Vicky and Katrina's inspiring love,https://photogallery.indiatimes.com/celebs/bollywood/vicky-kaushal-and-katrina-kaif-define-relationship-goals-in-an-inspiring-love-story/articleshow/104069938.cms,https://static.toiimg.com/photo/msid-25581306/25581306.jpg,
"9 smart onion, garlic alternatives",https://photogallery.indiatimes.com/web-stories/nine-ingenious-alternatives-for-onion-and-garlic-in-your-culinary-creations/photostory/104064629.cms,https://static.toiimg.com/photo/msid-25581306/25581306.jpg,
Best romantic South films,https://photogallery.indiatimes.com/web-stories/south-indian-love-story-movies-that-will-melt-your-heart/photostory/104067754.cms,https://static.toiimg.com/photo/msid-25581306/25581306.jpg,
Munmun Dutta's bday celebration,https://photogallery.indiatimes.com/tv/stars/munmun-dutta-shares-glimpse-of-her-birthday-celebrations-on-the-set-of-tmkoc/articleshow/104067052.cms,https://static.toiimg.com/photo/msid-25581306/25581306.jpg,
New York swamped by deluge,https://photogallery.indiatimes.com/news/world/heavy-downpours-submerge-new-york-city/articleshow/104062415.cms,https://static.toiimg.com/photo/msid-25581306/25581306.jpg,
Janhvi Kapoor's style file,https://photogallery.indiatimes.com/celebs/bollywood/janhvi-kapoors-style-file-redefining-elegance-and-glamour-in-bollywood/articleshow/104063313.cms,https://static.toiimg.com/photo/msid-25581306/25581306.jpg,
Tattoos according to zodiac sign,https://photogallery.indiatimes.com/web-stories/discover-the-perfect-tattoo-according-to-your-zodiac-sign/photostory/104061141.cms,https://static.toiimg.com/photo/msid-25581306/25581306.jpg,
Benefits of coconut water,https://photogallery.indiatimes.com/web-stories/wonders-of-sipping-coconut-water-revealed/photostory/104047111.cms,https://static.toiimg.com/photo/msid-25581306/25581306.jpg,
Plants that produce oxygen at night,https://photogallery.indiatimes.com/web-stories/10-plants-that-produce-oxygen-at-night/photostory/104049521.cms,https://static.toiimg.com/photo/msid-25581306/25581306.jpg,
First-ever direct evidence of spinning Black Hole shatters Space mysteries!,https://timesofindia.indiatimes.com/etimes/trending/first-ever-direct-evidence-of-spinning-black-hole-shatters-space-mysteries/articleshow/104068563.cms,https://static.toiimg.com/photo/msid-25581306/25581306.jpg,
Kentucky woman's funeral-themed pregnancy announcement goes viral,https://timesofindia.indiatimes.com/etimes/trending/kentucky-womans-funeral-themed-pregnancy-announcement-goes-viral/articleshow/104064465.cms,https://static.toiimg.com/photo/msid-25581306/25581306.jpg,
"A famous Sycamore Gap tree, featured in many Hollywood movies, chopped down by a teenager",https://timesofindia.indiatimes.com/etimes/trending/a-famous-sycamore-gap-tree-featured-in-many-hollywood-movies-chopped-down-by-a-teenager/articleshow/104050351.cms,https://static.toiimg.com/photo/msid-25581306/25581306.jpg,
"New York City areas are sinking faster than the city as a whole, reports NASA",https://timesofindia.indiatimes.com/etimes/trending/new-york-city-areas-are-sinking-faster-than-the-city-as-a-whole-according-to-nasa/articleshow/104050043.cms,https://static.toiimg.com/photo/msid-25581306/25581306.jpg,
NASA finds a possible sign of life on Jupiter's moon,https://timesofindia.indiatimes.com/etimes/trending/nasa-finds-a-possible-sign-of-life-on-jupiters-moon/articleshow/104044526.cms,https://static.toiimg.com/photo/msid-25581306/25581306.jpg,
Watch: Doraemon theme sung in nine global languages goes viral on the internet,https://timesofindia.indiatimes.com/etimes/trending/watch-doraemon-theme-sung-in-nine-global-languages-goes-viral-on-the-internet/articleshow/104043802.cms,https://static.toiimg.com/photo/msid-25581306/25581306.jpg,
Anushka Sharma and cricketer Virat Kohli are expecting their second baby: Reports,https://timesofindia.indiatimes.com/videos/etimes/bollywood/anushka-sharma-and-cricketer-virat-kohli-are-expecting-their-second-baby-reports/videoshow/104067557.cms,https://static.toiimg.com/photo/msid-25581306/25581306.jpg,
Anushka Sharma and cricketer Virat Kohli are expecting their second baby: Reports,https://timesofindia.indiatimes.com/videos/etimes/bollywood/anushka-sharma-and-cricketer-virat-kohli-are-expecting-their-second-baby-reports/videoshow/104067557.cms,https://static.toiimg.com/photo/msid-25581306/25581306.jpg,
Rakul Preet Singh revisits her journey in Bollywood 'filled with ups and downs': 'Moving to Mumbai…’,https://timesofindia.indiatimes.com/videos/etimes/bollywood/rakul-preet-singh-revisits-her-journey-in-bollywood-filled-with-ups-and-downs-moving-to-mumbai/videoshow/104060939.cms,https://static.toiimg.com/photo/msid-25581306/25581306.jpg,
Did Salman Khan charge over Rs 100 crore for 'Tiger 3'? Here's how much Katrina Kaif took as her fees,https://timesofindia.indiatimes.com/videos/etimes/bollywood/did-salman-khan-charge-over-rs-100-crore-for-tiger-3-heres-how-much-katrina-kaif-took-as-her-fees/videoshow/104058760.cms,https://static.toiimg.com/photo/msid-25581306/25581306.jpg,
"‘Aap log girne wale ho’, Aishwarya Rai Bachchan warns paps as she gets clicked with Aaradhya Bachchan at airport",https://timesofindia.indiatimes.com/videos/etimes/bollywood/aap-log-girne-wale-ho-aishwarya-rai-bachchan-warns-paps-as-she-gets-clicked-with-aaradhya-bachchan-at-airport/videoshow/104058093.cms,https://static.toiimg.com/photo/msid-25581306/25581306.jpg,
Vaani Kapoor opens up about facing 'terrible' failures in Bollywood; says 'Failing even before I could make it to the room...',https://timesofindia.indiatimes.com/videos/etimes/bollywood/vaani-kapoor-opens-up-about-facing-terrible-failures-in-bollywood-says-failing-even-before-i-could-make-it-to-the-room-/videoshow/104057319.cms,https://static.toiimg.com/photo/msid-25581306/25581306.jpg,
"Gauri Khan looks gorgeous as ever in her new selfie; Preity Zinta, Farah Khan and others react",https://timesofindia.indiatimes.com/videos/etimes/bollywood/gauri-khan-looks-gorgeous-as-ever-in-her-new-selfie-preity-zinta-farah-khan-and-others-react/videoshow/104049625.cms,https://static.toiimg.com/photo/msid-25581306/25581306.jpg,
Andhra Pradesh posts 13% deficient rainfall this monsoon,https://timesofindia.indiatimes.com/city/visakhapatnam/andhra-pradesh-posts-13-deficient-rainfall-this-monsoon/articleshow/104070404.cms,https://static.toiimg.com/photo/msid-25581306/25581306.jpg,
​Thalassemia: Here’s all you need to know,http://timesofindia.indiatimes.com/life-style/health-fitness/health-news/thalassemia-facts-about-this-genetic-blood-disorder/photostory/104061930.cms,https://static.toiimg.com/photo/msid-25581306/25581306.jpg,
Thyroid Cancer Awareness Month: Facts to know,http://timesofindia.indiatimes.com/life-style/health-fitness/health-news/thyroid-cancer-awareness-month-what-causes-thyroid-cancer-learn-symptoms-and-treatment/photostory/104026597.cms,https://static.toiimg.com/photo/msid-25581306/25581306.jpg,
Navratna gemstones: Who can benefit the most from it and rules to follow,http://timesofindia.indiatimes.com/life-style/relationships/love-sex/navratna-gemstones-who-can-benefit-the-most-from-it-and-rules-to-follow/photostory/104012427.cms,https://static.toiimg.com/photo/msid-25581306/25581306.jpg,
Monthly love horoscope: October 2023,http://timesofindia.indiatimes.com/life-style/relationships/love-sex/monthly-love-horoscope-october-2023/photostory/104049121.cms,https://static.toiimg.com/photo/msid-25581306/25581306.jpg,
'Leo' to '800': Tamil films releasing this October!,http://timesofindia.indiatimes.com/entertainment/tamil/movies/news/leo-to-800-tamil-films-releasing-this-october/photostory/104044695.cms,https://static.toiimg.com/photo/msid-25581306/25581306.jpg,
From Salman Khan revealing new challenges in Bigg Boss 17 to Sana Khan-Anas reacting to Rakhi-Adil’s case: Top TV news of the week,http://timesofindia.indiatimes.com/tv/news/hindi/from-salman-khan-revealing-new-challenges-in-bigg-boss-17-to-sana-khan-anas-reacting-to-rakhi-adils-case-top-tv-news-of-the-week/photostory/104048325.cms,https://static.toiimg.com/photo/msid-25581306/25581306.jpg,
Saunf-ajwain water for weight loss benefits,https://timesofindia.indiatimes.com/life-style/health-fitness/web-stories/saunf-ajwain-water-best-morning-drink-with-weight-loss-benefits/photostory/104070207.cms,https://static.toiimg.com/photo/msid-25581306/25581306.jpg,
Most stylish looks of Wamiqa Gabbi,https://timesofindia.indiatimes.com/life-style/fashion/web-stories/most-stylish-looks-of-charlie-chopra-actress-wamiqa-gabbi/photostory/103994332.cms,https://static.toiimg.com/photo/msid-25581306/25581306.jpg,
Navratna gemstones: Who can benefit the most from it,https://timesofindia.indiatimes.com/life-style/relationships/love-sex/navratna-gemstones-who-can-benefit-the-most-from-it-and-rules-to-follow/photostory/104012427.cms,https://static.toiimg.com/photo/msid-25581306/25581306.jpg,
10 ways to include Multani Mitti in your beauty routine,https://timesofindia.indiatimes.com/life-style/beauty/web-stories/glow-naturally-10-ways-to-include-multani-mitti-in-your-beauty-routine/photostory/104017430.cms,https://static.toiimg.com/photo/msid-25581306/25581306.jpg,
How to know if your child has poor mental health,https://timesofindia.indiatimes.com/life-style/parenting/moments/how-to-know-if-your-child-is-suffering-from-mental-health-issues/photostory/104064429.cms,https://static.toiimg.com/photo/msid-25581306/25581306.jpg,
Best fruits for you based on your zodiac sign,https://recipes.timesofindia.com/web-stories/best-fruits-for-you-based-on-your-zodiac-sign-and-why/photostory/104006890.cms,https://static.toiimg.com/photo/msid-25581306/25581306.jpg,
"Krabi, where the world of the Neanderthals and modern collide",https://timesofindia.indiatimes.com/travel/destinations/krabi-where-the-world-of-the-neanderthals-and-modern-collide/articleshow/103984242.cms,https://static.toiimg.com/photo/msid-25581306/25581306.jpg,
Celebrity book recommendations,https://timesofindia.indiatimes.com/life-style/books/web-stories/from-twinkle-khanna-to-reese-witherspoon-celebrity-book-recommendations-for-september-2023/photostory/104066105.cms,https://static.toiimg.com/photo/msid-25581306/25581306.jpg,
Boost self-love with these 10 positive affirmations,https://timesofindia.indiatimes.com/videos/lifestyle/relationships/boost-self-love-with-these-10-positive-affirmations/videoshow/104056508.cms,https://static.toiimg.com/photo/msid-25581306/25581306.jpg,
‘Want X-ray of India done’: Rahul Gandhi calls for caste census,https://timesofindia.indiatimes.com/videos/news/want-x-ray-of-india-done-rahul-gandhi-again-calls-for-caste-census-says-bjp-is-trembling-with-fear/videoshow/104073077.cms,https://static.toiimg.com/photo/msid-25581306/25581306.jpg,
‘Want X-ray of India done’: Rahul Gandhi calls for caste census,https://timesofindia.indiatimes.com/videos/news/want-x-ray-of-india-done-rahul-gandhi-again-calls-for-caste-census-says-bjp-is-trembling-with-fear/videoshow/104073077.cms,https://static.toiimg.com/photo/msid-25581306/25581306.jpg,
"Ilhan Omar needles India, gets schooled",https://timesofindia.indiatimes.com/videos/toi-original/anti-india-us-congresswoman-ilhan-omar-gets-schooled-by-shiv-sena-ubt-mp-priyanka-chaturvedi/videoshow/104072327.cms,https://static.toiimg.com/photo/msid-25581306/25581306.jpg,
"‘Aap log girne wale ho’, Aishwarya warns paps at airport",https://timesofindia.indiatimes.com/videos/etimes/bollywood/aap-log-girne-wale-ho-aishwarya-rai-bachchan-warns-paps-as-she-gets-clicked-with-aaradhya-bachchan-at-airport/videoshow/104058093.cms,https://static.toiimg.com/photo/msid-25581306/25581306.jpg,
Watch: Salman Khan's lookalike seen dancing aboard Mumbai local,https://timesofindia.indiatimes.com/videos/city/mumbai/watch-salman-khans-lookalike-seen-dancing-aboard-mumbai-local/videoshow/104072779.cms,https://static.toiimg.com/photo/msid-25581306/25581306.jpg,
Parineeti drops unseen video from her wedding; sings 'O Piya' for Raghav,https://timesofindia.indiatimes.com/videos/etimes/bollywood/parineeti-chopra-drops-unseen-video-from-her-wedding-sings-o-piya-for-husband-raghav-chadha/videoshow/104046460.cms,https://static.toiimg.com/photo/msid-25581306/25581306.jpg,
Anupam Kher seeks blessings at Hanuman Gadhi temple in Ayodhya,https://timesofindia.indiatimes.com/videos/etimes/bollywood/the-vaccine-war-actor-anupam-kher-seeks-blessings-at-hanuman-gadhi-temple-in-ayodhya/videoshow/104063892.cms,https://static.toiimg.com/photo/msid-25581306/25581306.jpg,
Asian Games: India thrash Pakistan 10-2 in men's hockey,https://timesofindia.indiatimes.com/sports/asian-games-2023/live-updates-of-asian-games-2023-day-7-golf-equestrian-athletics-weightlifting-table-tennis-boxing/liveblog/104054939.cms,https://static.toiimg.com/photo/msid-25581306/25581306.jpg,
Hangzhou Asian Games: Shooters clinch India's only gold on Day 5,https://timesofindia.indiatimes.com/hangzhou-asian-games-shooters-clinch-indias-only-gold-on-day-5/photostory/104024439.cms,https://static.toiimg.com/photo/msid-25581306/25581306.jpg,
Hangzhou Asian Games: Shooters lead India's medal rush on Day 4,https://timesofindia.indiatimes.com/sports/web-stories/hangzhou-asian-games-shooters-lead-indias-medal-rush-on-day-4/photostory/103993473.cms,https://static.toiimg.com/photo/msid-25581306/25581306.jpg,
"Hangzhou Asian Games: Full India schedule and results on September 28; live updates, live streaming details",https://timesofindia.indiatimes.com/hangzhou-asian-games-full-india-schedule-on-september-28-live-updates-live-streaming-details/articleshow/103997244.cms,https://static.toiimg.com/photo/msid-25581306/25581306.jpg,
Hangzhou Asian Games: Historic gold in equestrian on Day 3,https://timesofindia.indiatimes.com/hangzhou-asian-games-historic-gold-in-equestrian-on-day-3/photostory/103968185.cms,https://static.toiimg.com/photo/msid-25581306/25581306.jpg,
Indian football team crashes out of Asian Games after 0-2 defeat against Saudi Arabia,https://timesofindia.indiatimes.com/sports/asian-games-2023/india-asian-games/indian-football-team-crashes-out-of-asian-games-after-0-2-defeat-against-saudi-arabia/articleshow/104022818.cms,https://static.toiimg.com/photo/msid-25581306/25581306.jpg,
"Naseeruddin Shah shares his secret behind a successful marriage with Ratna Pathak Shah, says they never had 'fixed expectations' from each other",https://timesofindia.indiatimes.com/entertainment/hindi/bollywood/news/naseeruddin-shah-shares-his-secret-behind-a-successful-marriage-with-ratna-pathak-shah-says-they-never-had-fixed-expectations-from-each-other/articleshow/103980596.cms,https://static.toiimg.com/photo/msid-25581306/25581306.jpg,
10 Bollywood actors who were not the first choice for their iconic roles,https://timesofindia.indiatimes.com/entertainment/hindi/web-stories/10-bollywood-actors-who-were-not-the-first-choice-for-their-iconic-roles/photostory/104025206.cms,https://static.toiimg.com/photo/msid-25581306/25581306.jpg,
"Tiger 3, Spider-Man, Dark Knight: Movies where Heroes fought for REDEMPTION",https://timesofindia.indiatimes.com/entertainment/english/web-stories/tiger-3-spider-man-dark-knight-movies-where-heroes-fought-for-redemption/photostory/103981958.cms,https://static.toiimg.com/photo/msid-25581306/25581306.jpg,
"Shah Rukh Khan's blockbuster 'Jawan' hits ₹1,000 crore mark; announces 'Buy 1 Get 1' special offer’",https://timesofindia.indiatimes.com/entertainment/hindi/bollywood/news/shah-rukh-khans-blockbuster-jawan-hits-1000-crore-mark-announces-buy-1-get-1-special-offer/articleshow/104009582.cms,https://static.toiimg.com/photo/msid-25581306/25581306.jpg,
Taarak's Tanuj: I am Popatlal in real life; here's why,https://timesofindia.indiatimes.com/tv/news/hindi/when-taarak-mehta-ka-ooltah-chashmahs-tanuj-mahashabde-aka-iyer-said-i-am-popatlal-in-real-life-more-unknown-facts-about-his-life/photostory/104067053.cms,https://static.toiimg.com/photo/msid-25581306/25581306.jpg,
Jay Soni approached to participate in Bigg Boss 17,https://timesofindia.indiatimes.com/tv/news/hindi/yeh-rishta-kya-kehlata-hai-actor-jay-soni-approached-to-participate-in-bigg-boss-17/articleshow/104062895.cms,https://static.toiimg.com/photo/msid-25581306/25581306.jpg,
Dayaben aka Disha's top 15 Navratri outfits,https://timesofindia.indiatimes.com/tv/web-stories/hindi/taarak-mehtas-dayaben-aka-disha-vakanis-top-15-navratri-outfits/photostory/104063151.cms,https://static.toiimg.com/photo/msid-25581306/25581306.jpg,
What Vikas Khanna did before MasterChef India 8,https://timesofindia.indiatimes.com/tv/news/hindi/from-a-short-trip-for-auditions-to-visiting-the-golden-temple-everything-chef-vikas-khanna-did-before-beginning-with-masterchef-indias-new-season/photostory/104060506.cms,https://static.toiimg.com/photo/msid-25581306/25581306.jpg,
'Skanda' actress Sreeleela's breathtaking beauty in ethnic,https://timesofindia.indiatimes.com/entertainment/bengali/web-stories/skanda-actress-sreeleelas-breathtaking-beauty-in-ethnic/photostory/103990984.cms,https://static.toiimg.com/photo/msid-25581306/25581306.jpg,
Tota Roychoudhury hits back at criticism after Karan Johar admits he copied Sanjay Leela Bhansali & Yash Chopra in ‘Rocky Aur Rani Kii Prem Kahaani’,https://timesofindia.indiatimes.com/entertainment/bengali/movies/news/tota-roychoudhury-hits-back-at-criticism-after-karan-johar-admits-he-copied-sanjay-leela-bhansali-yash-chopra-in-rocky-aur-rani-kii-prem-kahaani/articleshow/104035127.cms,https://static.toiimg.com/photo/msid-25581306/25581306.jpg,
'Chandramukhi 2' box office collection day 1: Kangana Ranaut and Raghava Lawrence starrer mints Rs 7.5 crore,https://timesofindia.indiatimes.com/entertainment/tamil/movies/box-office/chandramukhi-2-box-office-collection-day-1-kangana-ranaut-and-raghava-lawrence-starrer-mints-rs-7-5-crore/articleshow/104034938.cms,https://static.toiimg.com/photo/msid-25581306/25581306.jpg,
Janhvi Kapoor's Pink Fashion Finesse,https://timesofindia.indiatimes.com/entertainment/telugu/web-stories/janhvi-kapoors-pink-fashion-finesse/photostory/104021738.cms,https://static.toiimg.com/photo/msid-25581306/25581306.jpg,
Best Airpod alternatives to choose from,https://timesofindia.indiatimes.com/most-searched-products/electronics/headphones/best-airpod-alternatives-to-choose-from/articleshow/88665389.cms?utm_source=toi-homepage&utm_medium=web-shopping-destination&utm_campaign=msp-shopping,https://static.toiimg.com/photo/msid-25581306/25581306.jpg,
Best Phone Under 30000: Top Mobiles That Will Cost You Less Than 30K,https://timesofindia.indiatimes.com/most-searched-products/mobile-phones/mobiles/best-phone-under-30000-top-mobiles-that-will-cost-you-less-than-30k/articleshow/99812183.cms?utm_source=toi-homepage&utm_medium=web-shopping-destination&utm_campaign=msp-shopping,https://static.toiimg.com/photo/msid-25581306/25581306.jpg,
Oven for Baking: Top Picks,https://timesofindia.indiatimes.com/most-searched-products/kitchen-and-dining/small-appliances/oven-for-baking-top-picks/articleshow/100310577.cms?utm_source=toi-homepage&utm_medium=web-shopping-destination&utm_campaign=msp-shopping,https://static.toiimg.com/photo/msid-25581306/25581306.jpg,
32 Inch LED TVs: Best options in India,https://timesofindia.indiatimes.com/most-searched-products/electronics/tv-and-appliances/smart-televisions-finest-32-inch-smart-tvs-from-sony-oneplus-mi-etc/articleshow/86584351.cms?utm_source=toi-homepage&utm_medium=web-shopping-destination&utm_campaign=msp-shopping,https://static.toiimg.com/photo/msid-25581306/25581306.jpg,
2 in 1 laptops: Best options available online,https://timesofindia.indiatimes.com/most-searched-products/electronics/laptops/best-touchscreen-laptops-that-support-the-digital-pen-stylus-input/articleshow/76746532.cms?utm_source=toi-homepage&utm_medium=web-shopping-destination&utm_campaign=msp-shopping,https://static.toiimg.com/photo/msid-25581306/25581306.jpg,
Best Vacuum Cleaners That Will Make Your Home Spick And Span,https://timesofindia.indiatimes.com/most-searched-products/electronics/vacuum-cleaners/make-your-homes-spick-and-span-with-these-vacuum-cleaners/articleshow/71632792.cms?utm_source=toi-homepage&utm_medium=web-shopping-destination&utm_campaign=msp-shopping,https://static.toiimg.com/photo/msid-25581306/25581306.jpg,
Best 7kg Washing Machines Ideal For Delivering Clean Clothes With Ease,https://timesofindia.indiatimes.com/most-searched-products/electronics/washing-machine/lg-samsung-and-other-effective-7kg-washing-machines/articleshow/82063407.cms?utm_source=toi-homepage&utm_medium=web-shopping-destination&utm_campaign=msp-shopping,https://static.toiimg.com/photo/msid-25581306/25581306.jpg,
Best smartwatch in India with multiple sport mode,https://timesofindia.indiatimes.com/most-searched-products/electronics/wearables/top-rated-smartwatches-with-multiple-sport-modes-for-sports-enthusiasts/articleshow/87481048.cms?utm_source=toi-homepage&utm_medium=web-shopping-destination&utm_campaign=msp-shopping,https://static.toiimg.com/photo/msid-25581306/25581306.jpg,
Asian Games: India thrash Pakistan 10-2 in men's hockey,https://timesofindia.indiatimes.com/sports/asian-games-2023/live-updates-of-asian-games-2023-day-7-golf-equestrian-athletics-weightlifting-table-tennis-boxing/liveblog/104054939.cms,https://static.toiimg.com/photo/msid-25581306/25581306.jpg,
Asian Games 2023: India beat Pakistan to win gold medal in men's team squash event,https://timesofindia.indiatimes.com/videos/sports/other-sports/asian-games-2023-india-beat-pakistan-to-win-gold-medal-in-mens-team-squash-event/videoshow/104067886.cms,https://static.toiimg.com/photo/msid-25581306/25581306.jpg,
Asian Games 2023 Medal Tally: Full list of Indian Medal Winners OUT!,https://timesofindia.indiatimes.com/videos/sports/other-sports/asian-games-2023-medal-tally-full-list-of-indian-medal-winners-out/videoshow/104045201.cms,https://static.toiimg.com/photo/msid-25581306/25581306.jpg,
Asian Games: The 'other battles' for medals and glory,https://timesofindia.indiatimes.com/sports/asian-games-2023/india-asian-games/asian-games-the-other-battles-for-medals-and-glory/articleshow/104071785.cms,https://static.toiimg.com/photo/msid-25581306/25581306.jpg,
I will put in all my effort to defend Asian Games gold: Neeraj Chopra,https://timesofindia.indiatimes.com/sports/asian-games-2023/india-asian-games/i-will-put-in-all-my-effort-to-defend-the-asian-games-gold-neeraj-chopra/articleshow/104063370.cms,https://static.toiimg.com/photo/msid-25581306/25581306.jpg,
"Asian Games: Kartik wins silver, Gulveer claims bronze in 10000m",https://timesofindia.indiatimes.com/sports/asian-games-2023/india-asian-games/asian-games-kartik-wins-silver-gulveer-claims-bronze-for-india-in-10000m/articleshow/104071189.cms,https://static.toiimg.com/photo/msid-25581306/25581306.jpg,
Indian men one win away from first-ever team badminton gold at Asiad,https://timesofindia.indiatimes.com/sports/asian-games-2023/india-asian-games/indian-men-one-win-away-from-first-ever-team-badminton-gold-at-asian-games/articleshow/104072133.cms,https://static.toiimg.com/photo/msid-25581306/25581306.jpg,
Rain washes out India-England ODI World Cup warm-up game,https://timesofindia.indiatimes.com/sports/cricket/icc-world-cup/rain-washes-out-india-england-odi-world-cup-warm-up-game/articleshow/104070175.cms,https://static.toiimg.com/photo/msid-25581306/25581306.jpg,
Ashwin says 2023 World Cup could be his last for India,https://timesofindia.indiatimes.com/sports/cricket/icc-world-cup/ravichandran-ashwin-says-2023-world-cup-could-be-his-last-for-india/articleshow/104067034.cms,https://static.toiimg.com/photo/msid-25581306/25581306.jpg,
India upstage Pakistan to win gold in men's team squash,https://timesofindia.indiatimes.com/sports/asian-games-2023/india-asian-games/hangzhou-asian-games-india-upstage-pakistan-to-win-gold-in-mens-team-squash/articleshow/104067004.cms,https://static.toiimg.com/photo/msid-25581306/25581306.jpg,
"Chanu's campaign ends in heartbreak, finishes 4th",https://timesofindia.indiatimes.com/sports/asian-games-2023/india-asian-games/mirabai-chanus-asian-games-campaign-ends-in-heartbreak-finishes-4th/articleshow/104068309.cms,https://static.toiimg.com/photo/msid-25581306/25581306.jpg,
Apple Arcade update: New game and several new updates coming this month,https://timesofindia.indiatimes.com/gadgets-news/apple-arcade-update-new-game-and-several-new-updates-coming-this-month/articleshow/104066699.cms,https://static.toiimg.com/photo/msid-25581306/25581306.jpg,
Byju’s to announce its FY22 results in the second week of October,https://timesofindia.indiatimes.com/business/india-business/byjus-to-announce-its-fy22-results-in-the-second-week-of-october/articleshow/104072040.cms,https://static.toiimg.com/photo/msid-25581306/25581306.jpg,
"Gold Buying Tips: Sovereign Gold Bonds Vs Gold ETFs, Gold MFs Vs Gold Coins, Bars, Jewelry Explained",https://timesofindia.indiatimes.com/videos/business/gold-buying-tips-sovereign-gold-bonds-vs-gold-etfs-gold-mfs-vs-gold-coins-bars-jewelry-explained/videoshow/104026282.cms,https://static.toiimg.com/photo/msid-25581306/25581306.jpg,
Global Biofuel Alliance: India’s Big Multi-Billion Dollars Biofuels Bet Explained,https://timesofindia.indiatimes.com/videos/business/global-biofuel-alliance-indias-big-multi-billion-dollars-biofuels-bet-explained/videoshow/103970084.cms,https://static.toiimg.com/photo/msid-25581306/25581306.jpg,
TCS mandates 5-day 'work from office' for some teams,https://timesofindia.indiatimes.com/business/india-business/tcs-mandates-5-day-work-from-office-for-some-teams/articleshow/104055186.cms,https://static.toiimg.com/photo/msid-25581306/25581306.jpg,
Jalan Kalrock infuses 100 crore in Jet Airways,https://timesofindia.indiatimes.com/business/india-business/jalan-kalrock-infuses-100-crore-in-jet-airways/articleshow/104055151.cms,https://static.toiimg.com/photo/msid-25581306/25581306.jpg,
"Pro-Beijing frontrunner leads Maldives presidential polls as India, China influence takes centre stage",https://timesofindia.indiatimes.com/world/south-asia/pro-beijing-frontrunner-leads-maldives-presidential-polls-as-india-china-influence-takes-centre-stage/articleshow/104072895.cms,https://static.toiimg.com/photo/msid-25581306/25581306.jpg,
AP PECET Counselling 2023 seat allotment result released on pecet-sche.aptonline.in,https://timesofindia.indiatimes.com/education/news/ap-pecet-counselling-2023-seat-allotment-result-released-on-pecet-sche-aptonline-in/articleshow/104063891.cms,https://static.toiimg.com/photo/msid-25581306/25581306.jpg,
Sleeping on the job is the latest perk at new-age companies,https://timesascent.com/articles/Sleeping-on-the-job-is-the-latest-perk-at-new-age-companies/157229,https://static.toiimg.com/photo/msid-25581306/25581306.jpg,
Do we need an HR Department for HR too?,https://timesascent.com/articles/Do-we-need-an-HR-Department-for-HR-too/157228,https://static.toiimg.com/photo/msid-25581306/25581306.jpg,
The next alarming trend in HR: Quick quitting,https://timesascent.com/articles/The-next-alarming-trend-in-HR-Quick-quitting/157227,https://static.toiimg.com/photo/msid-25581306/25581306.jpg,
Why companies should give serious thoughts to moonlighting?,https://timesascent.com/articles/Why-companies-should-give-serious-thoughts-to-moonlighting/157226,https://static.toiimg.com/photo/msid-25581306/25581306.jpg,
13 foods that were invented by accident,https://recipes.timesofindia.com/web-stories/13-foods-that-were-invented-by-accident/photostory/104048288.cms,https://static.toiimg.com/photo/msid-25581306/25581306.jpg,
Watch: How to make Chicken Noodles,https://recipes.timesofindia.com/videos/watch-how-to-make-chicken-noodles/videoshow/102774953.cms,https://static.toiimg.com/photo/msid-25581306/25581306.jpg,
Watch: 1-Minute Cookie Challenge,https://recipes.timesofindia.com/videos/watch-1-minute-cookie-challenge/videoshow/102745065.cms,https://static.toiimg.com/photo/msid-25581306/25581306.jpg,
Watch: How to make Vetrilai Nattukozhi,https://recipes.timesofindia.com/videos/watch-how-to-make-vetrilai-nattukozhi/videoshow/102685363.cms,https://static.toiimg.com/photo/msid-25581306/25581306.jpg,
Watch: How to make Blue Ice,https://recipes.timesofindia.com/videos/watch-how-to-make-blue-ice/videoshow/101374900.cms,https://static.toiimg.com/photo/msid-25581306/25581306.jpg,
Lebanese Garlic Sauce,https://recipes.timesofindia.com/recipes/lebanese-garlic-sauce/rs84466179.cms,https://static.toiimg.com/photo/msid-25581306/25581306.jpg,
Banana Cheela,https://recipes.timesofindia.com/recipes/banana-cheela/rs89586552.cms,https://static.toiimg.com/photo/msid-25581306/25581306.jpg,
Chamomile Milk,https://recipes.timesofindia.com/beverage/non-alcoholic/chamomile-milk/rs89584105.cms,https://static.toiimg.com/photo/msid-25581306/25581306.jpg,
Boondi Ke Laddoo,https://recipes.timesofindia.com/recipes/boondi-ke-laddoo/rs84608690.cms,https://static.toiimg.com/photo/msid-25581306/25581306.jpg,
Heart Choco Pops,https://recipes.timesofindia.com/recipes/heart-choco-pops/rs89561225.cms,https://static.toiimg.com/photo/msid-25581306/25581306.jpg,
​Thalassemia: Here’s all you need to know ,https://timesofindia.indiatimes.com/life-style/health-fitness/health-news/thalassemia-facts-about-this-genetic-blood-disorder/photostory/104061930.cms,https://static.toiimg.com/photo/msid-25581306/25581306.jpg,
How Sadabahar can be used to manage diabetes,https://timesofindia.indiatimes.com/life-style/health-fitness/home-remedies/how-ayurvedic-herb-sadabahar-can-be-used-to-manage-diabetes/photostory/104027097.cms,https://static.toiimg.com/photo/msid-25581306/25581306.jpg,
Thyroid Cancer Awareness Month: Facts to know,https://timesofindia.indiatimes.com/life-style/health-fitness/health-news/thyroid-cancer-awareness-month-what-causes-thyroid-cancer-learn-symptoms-and-treatment/photostory/104026597.cms,https://static.toiimg.com/photo/msid-25581306/25581306.jpg,
What kind of stress causes heart diseases?,https://timesofindia.indiatimes.com/life-style/health-fitness/health-news/what-kind-of-emotional-stress-causes-heart-diseases-doctor-explains/photostory/104048766.cms,https://static.toiimg.com/photo/msid-25581306/25581306.jpg,
Health prediction for October 2023,https://timesofindia.indiatimes.com/life-style/health-fitness/de-stress/health-prediction-for-october-2023-lack-of-sleep-can-affect-cancerians-migraine-might-trouble-leo-know-whats-in-store-for-all-zodiac-signs/photostory/104043807.cms,https://static.toiimg.com/photo/msid-25581306/25581306.jpg,
Sri Sri Ravi Shankar shares health secrets of his grandmother,https://timesofindia.indiatimes.com/life-style/health-fitness/wellness/sri-sri-ravi-shankar-shares-health-and-diet-secrets-of-his-grandmother/articleshow/104041241.cms,https://static.toiimg.com/photo/msid-25581306/25581306.jpg,
Having chest pain? These reasons could be triggering it,https://timesofindia.indiatimes.com/life-style/health-fitness/health-news/having-chest-pain-these-reasons-could-be-triggering-it/photostory/104038980.cms,https://static.toiimg.com/photo/msid-25581306/25581306.jpg,
Ban on serving food wrapped in newspapers,https://timesofindia.indiatimes.com/life-style/health-fitness/health-news/immediate-ban-imposed-on-serving-food-wrapped-in-newspapers-heres-why-it-can-be-dangerous/articleshow/104038256.cms,https://static.toiimg.com/photo/msid-25581306/25581306.jpg,
​Herbs that can help manage blood sugar level​s,https://timesofindia.indiatimes.com/life-style/health-fitness/web-stories/herbs-that-can-help-manage-blood-sugar-levels/photostory/104036868.cms,https://static.toiimg.com/photo/msid-25581306/25581306.jpg,
Short-term exposure to air pollution raises stroke risk,https://timesofindia.indiatimes.com/life-style/health-fitness/health-news/exposure-to-air-pollution-for-even-5-days-can-increase-stroke-risk-by-30/articleshow/104033757.cms,https://static.toiimg.com/photo/msid-25581306/25581306.jpg,
How to read your BP and cholesterol reports?,https://timesofindia.indiatimes.com/life-style/health-fitness/health-news/how-to-read-your-blood-pressure-and-cholesterol-reports-properly-heres-what-your-numbers-indicate/articleshow/104022176.cms,https://static.toiimg.com/photo/msid-25581306/25581306.jpg,
Chic looks of Kenda Sampige actress Kavya Shaiva,https://timesofindia.indiatimes.com/tv/web-stories/kannada/chic-looks-of-kenda-sampige-actress-kavya-shaiva/photostory/104069153.cms,https://static.toiimg.com/photo/msid-25581306/25581306.jpg,
Amruta Pawar shines in bridal photoshoot,https://timesofindia.indiatimes.com/tv/web-stories/marathi/amruta-pawar-shines-in-bridal-photoshoot/photostory/104061538.cms,https://static.toiimg.com/photo/msid-25581306/25581306.jpg,
Pics: Priyanka Sarkar looks radiant,https://timesofindia.indiatimes.com/tv/web-stories/bengali/in-pics-priyanka-sarkar-looks-radiant-in-latest-photoshoot/photostory/104019112.cms,https://static.toiimg.com/photo/msid-25581306/25581306.jpg,
BB Tamil: Kamal Haasan's unforgettable Journey​,https://timesofindia.indiatimes.com/tv/news/tamil/bigg-boss-tamil-kamal-haasans-unforgettable-journey-as-the-host/photostory/104037398.cms,https://static.toiimg.com/photo/msid-25581306/25581306.jpg,
"BB Telugu 7: Amardeep accuses Sandeep, Shivaji",https://timesofindia.indiatimes.com/tv/news/telugu/bigg-boss-telugu-7-amardeep-accuses-sandeep-and-shivaji-of-being-biased-towards-subhashree/articleshow/104036414.cms,https://static.toiimg.com/photo/msid-25581306/25581306.jpg,
BB Telugu 7: Prince & Pallavi get a big shock,https://timesofindia.indiatimes.com/tv/news/telugu/bigg-boss-telugu-7-preview-prince-yawar-and-pallavi-prashanth-get-a-big-shock-in-the-final-round-of-powerastra/articleshow/104045821.cms,https://static.toiimg.com/photo/msid-25581306/25581306.jpg,
Debashree Roy to make OTT debut,https://timesofindia.indiatimes.com/tv/news/bengali/actress-debashree-roy-to-make-ott-debut/articleshow/104041245.cms,https://static.toiimg.com/photo/msid-25581306/25581306.jpg,
Here's how Sanjeev celebrated birthday,https://timesofindia.indiatimes.com/tv/news/tamil/heres-how-actor-sanjeev-venkat-celebrated-his-48th-birthday/articleshow/104035744.cms,https://static.toiimg.com/photo/msid-25581306/25581306.jpg,
This Gujarat man doesn't wear helmet but doesn't get challans or fines!,https://timesofindia.indiatimes.com/auto/cars/this-gujarat-man-doesnt-wear-helmet-but-doesnt-get-challans-or-fines/articleshow/104069230.cms,https://static.toiimg.com/photo/msid-25581306/25581306.jpg,
Maruti Suzuki Grand Vitara hybrid customers having trouble with new issue: Are you one of them?,https://timesofindia.indiatimes.com/auto/news/maruti-suzuki-grand-vitara-hybrid-customers-having-trouble-with-new-issue-are-you-one-of-them/articleshow/104046140.cms,https://static.toiimg.com/photo/msid-25581306/25581306.jpg,
"Carpooling is now illegal! Fines of up to Rs 10,000 issued: Details",https://timesofindia.indiatimes.com/auto/news/carpooling-is-now-illegal-fines-of-up-to-rs-10000-issued-details-car-pool-bengaluru-bangalore-news/articleshow/104041793.cms,https://static.toiimg.com/photo/msid-25581306/25581306.jpg,
"Maruti Suzuki Grand Vitara waiting period: Variants with longest, shortest durations",https://timesofindia.indiatimes.com/auto/cars/maruti-suzuki-grand-vitara-waiting-period-variants-with-longest-shortest-durations/articleshow/104049560.cms,https://static.toiimg.com/photo/msid-25581306/25581306.jpg,
Aston Martin DB12 launched in India with impressive 670 hp: Price starts at Rs 4.59 crore,https://timesofindia.indiatimes.com/auto/cars/aston-martin-db12-launched-in-india-with-impressive-670-hp-price-starts-at-rs-4-59-crore/articleshow/104048979.cms,https://static.toiimg.com/photo/msid-25581306/25581306.jpg,
Rear-wheel drive cars under 15 lakhs: MG Comet to Mahindra Scorpio,https://timesofindia.indiatimes.com/auto/cars/rear-wheel-drive-cars-under-15-lakhs-mg-comet-to-mahindra-scorpio/articleshow/104043474.cms,https://static.toiimg.com/photo/msid-25581306/25581306.jpg,
AP PECET Counselling 2023 seat allotment result released on pecet-sche.aptonline.in,https://timesofindia.indiatimes.com/education/news/ap-pecet-counselling-2023-seat-allotment-result-released-on-pecet-sche-aptonline-in/articleshow/104063891.cms,https://static.toiimg.com/photo/msid-25581306/25581306.jpg,
"GATE 2024 application closes today, apply on goaps.iisc.ac.in",https://timesofindia.indiatimes.com/education/news/gate-2024-application-closes-today-apply-on-goaps-iisc-ac-in/articleshow/104034187.cms,https://static.toiimg.com/photo/msid-25581306/25581306.jpg,
CISF Fireman Answer Key 2023 released on cisfrectt.in; check direct link here,https://timesofindia.indiatimes.com/education/news/cisf-fireman-answer-key-2023-released-on-cisfrectt-in-check-direct-link-here/articleshow/104032579.cms,https://static.toiimg.com/photo/msid-25581306/25581306.jpg,
NEET SS 2023 exam commences today: Important details for candidates,https://timesofindia.indiatimes.com/education/news/neet-ss-2023-exam-commences-today-important-details-for-candidates/articleshow/104031154.cms,https://static.toiimg.com/photo/msid-25581306/25581306.jpg,
10 Essential Skills for Students Who Dream To Study Abroad,https://timesofindia.indiatimes.com/education/web-stories/10-skills-students-must-learn-if-they-dream-to-study-abroad/photostory/104023963.cms,https://static.toiimg.com/photo/msid-25581306/25581306.jpg,
Rajasthan NEET UG 2023: Stray vacancy allotment result releasing tomorrow on rajugneet2023.com,https://timesofindia.indiatimes.com/education/news/rajasthan-neet-ug-2023-stray-vacancy-allotment-result-releasing-tomorrow-on-rajugneet2023-com/articleshow/104021804.cms,https://static.toiimg.com/photo/msid-25581306/25581306.jpg,
"Pregnant teen’s throat slit, set on fire by mom and brother in UP's Hapur",https://timesofindia.indiatimes.com/city/meerut/pregnant-girl-taken-to-forest-by-mom-bro-set-on-fire/articleshow/104055035.cms,https://static.toiimg.com/photo/msid-25581306/25581306.jpg,
Radical Sikhs prevent Indian high commissioner from entering gurdwara in Scotland,https://timesofindia.indiatimes.com/india/radical-sikhs-prevent-indian-high-commissioner-from-entering-gurdwara-in-scotland/articleshow/104052030.cms,https://static.toiimg.com/photo/msid-25581306/25581306.jpg,
"Rajasthan BSTC Pre DElEd Result 2023 declared on panjiakpredeled.in, direct link to download",https://timesofindia.indiatimes.com/education/news/rajasthan-bstc-pre-deled-result-2023-declared-on-panjiakpredeled-in-direct-link-to-download/articleshow/104044546.cms,https://static.toiimg.com/photo/msid-25581306/25581306.jpg,
PM to attend Quad summit in US on Sept 24,https://timesofindia.indiatimes.com/india/pm-modi-to-attend-first-in-person-quad-summit-to-be-hosted-by-biden-next-week/articleshow/86187822.cms,https://static.toiimg.com/photo/msid-25581306/25581306.jpg,
Best quotes by Sri Sri Ravi Shankar,https://timesofindia.indiatimes.com/life-style/relationships/web-stories/8-inspirational-quotes-by-sri-sri-ravi-shankar/photostory/104046137.cms,https://static.toiimg.com/photo/msid-25581306/25581306.jpg,
History of bitter gourd (karela),https://timesofindia.indiatimes.com/life-style/food-news/the-history-of-bitter-gourd-karela-and-why-it-is-bitter-in-taste/articleshow/104056437.cms,https://static.toiimg.com/photo/msid-25581306/25581306.jpg,
Famous people born in October,https://timesofindia.indiatimes.com/life-style/parenting/moments/october-babies-birthdays-of-famous-people-born-in-october/articleshow/104044368.cms,https://static.toiimg.com/photo/msid-25581306/25581306.jpg,
Wise words by Albus Dumbledore,https://timesofindia.indiatimes.com/life-style/books/web-stories/michael-gambon-8-wise-words-by-albus-dumbledore/photostory/104022322.cms,https://static.toiimg.com/photo/msid-25581306/25581306.jpg,
Indian divas with beauty brands,https://timesofindia.indiatimes.com/life-style/beauty/web-stories/deepika-padukone-to-nayanthara-indian-divas-who-own-beauty-brands/photostory/104037598.cms,https://static.toiimg.com/photo/msid-25581306/25581306.jpg,
'South Africa's national parks protect wildlife and ecosystems - they face the pressures of land and inequality',https://timesofindia.indiatimes.com/south-africas-national-parks-protect-wildlife-and-ecosystems-they-face-the-pressures-of-land-and-inequality/articleshow/104051345.cms,https://static.toiimg.com/photo/msid-25581306/25581306.jpg,
‘Social media reinforces polarisation on climate change — this impacts policies’,https://timesofindia.indiatimes.com/social-media-reinforces-polarisation-on-climate-change-this-impacts-policies/articleshow/102842174.cms,https://static.toiimg.com/photo/msid-25581306/25581306.jpg,
"Of science, sense and sensibility",https://timesofindia.indiatimes.com/of-science-sense-and-sensibility/articleshow/102842234.cms,https://static.toiimg.com/photo/msid-25581306/25581306.jpg,
‘Climate change is here to stay — Indian media reports on its complexity better than the West’,https://timesofindia.indiatimes.com/climate-change-is-here-to-stay-indian-media-reports-on-its-complexity-better-than-the-west/articleshow/102842081.cms,https://static.toiimg.com/photo/msid-25581306/25581306.jpg,
‘We’re wrecking our life support system — that’s the big story’,https://timesofindia.indiatimes.com/were-wrecking-our-life-support-system-thats-the-big-story/articleshow/102842068.cms,https://static.toiimg.com/photo/msid-25581306/25581306.jpg,
‘Plantations grew with colonialism — tea impacted both humans and ecology’,https://timesofindia.indiatimes.com/plantations-grew-with-colonialism-tea-impacted-both-humans-and-ecology/articleshow/102658542.cms,https://static.toiimg.com/photo/msid-25581306/25581306.jpg,
'14-min miracle': India takes leaf out of Japan's bullet trains,https://timesofindia.indiatimes.com/business/india-business/vande-bharat-express-14-minute-cleaning-miracle-explained-how-indian-railways-is-taking-a-leaf-from-japans-bullet-trains/articleshow/104071893.cms,"https://static.toiimg.com/thumb/imgsize-56776,msid-104071998,width-80,resizemode-4/104071998.jpg",
Visual story: Will Mumbai lose its most storied garden?,https://timesofindia.indiatimes.com/city/mumbai/is-mumbai-losing-its-most-romantic-storied-garden/articleshow/104034388.cms,"https://static.toiimg.com/thumb/imgsize-167912,msid-104034388,width-80,resizemode-4/104034388.jpg",
"Maldives prez polls: India, China influence takes centre stage",https://timesofindia.indiatimes.com/world/south-asia/pro-beijing-frontrunner-leads-maldives-presidential-polls-as-india-china-influence-takes-centre-stage/articleshow/104072895.cms,"https://static.toiimg.com/thumb/imgsize-54422,msid-104072981,width-80,resizemode-4/104072981.jpg",
Sun mission: Aditya-L1 escapes Earth's sphere of influence,https://timesofindia.indiatimes.com/india/adityas-beyond-earths-influence-ursc-software-key-to-knowing-its-past-present-future-staying-at-vantage-point/articleshow/104071882.cms,"https://static.toiimg.com/thumb/imgsize-504954,msid-104071921,width-80,resizemode-4/104071921.jpg",
'Disgraceful': India after envoy stopped from entering UK gurdwara,https://timesofindia.indiatimes.com/india/disgraceful-incident-indias-sharp-reaction-envoy-being-stopped-from-entering-uk-gurdwara/articleshow/104070534.cms,"https://static.toiimg.com/thumb/imgsize-23888,msid-104070691,width-80,resizemode-4/104070691.jpg",
Andhra Pradesh posts 13% deficient rainfall this monsoon,https://timesofindia.indiatimes.com/city/visakhapatnam/andhra-pradesh-posts-13-deficient-rainfall-this-monsoon/articleshow/104070404.cms,"https://static.toiimg.com/thumb/imgsize-187392,msid-104070404,width-80,resizemode-4/104070404.jpg",
"More than protests, Cauvery row needs a lasting solution: Kannada cinestars",https://timesofindia.indiatimes.com/city/bengaluru/more-than-protests-cauvery-row-needs-a-lasting-solution-kannada-cinestars/articleshow/104054958.cms,"https://static.toiimg.com/thumb/imgsize-1253301,msid-104054958,width-80,resizemode-4/104054958.jpg",
Why SC decided to revisit verdict it gave 25 years ago,https://timesofindia.indiatimes.com/india/why-top-court-decided-to-revisit-verdict-it-gave-25-years-ago/articleshow/103991839.cms,"https://static.toiimg.com/thumb/imgsize-31086,msid-103992447,width-80,resizemode-4/103992447.jpg",
New era of foldables? Meet the Samsung Galaxy Z Fold5,https://www.gadgetsnow.com/gn-advertorial/a-new-era-of-foldables-meet-the-5th-generation-galaxy-z-fold5-from-samsung-rocking-a-snapdragon-chipset-for-galaxy-an-expansive-7-6-inch-screen-a-ui-that-fuels-productivity/articleshow/103927442.cms,"https://static.toiimg.com/thumb/imgsize-39288,msid-104046451,width-80,resizemode-4/104046451.jpg",
Shopping: Live Now! Kickstarter Deals - Shop Festive Deals Before Sale,https://timesofindia.indiatimes.com/amazon-bestsellers,"https://static.toiimg.com/thumb/imgsize-694492,msid-87204807,width-80,resizemode-4/87204807.jpg",
Check out AJIO's All Stars Sale,https://timesofindia.indiatimes.com/spotlight/heres-the-fashion-edit-your-closet-deserves-uber-cool-finds-from-ajios-all-stars-sale-that-are-must-haves/articleshow/104048323.cms,"https://static.toiimg.com/thumb/imgsize-60590,msid-104048448,width-80,resizemode-4/104048448.jpg",
8 tourists dead as bus falls into gorge in TN's Marapalam,https://timesofindia.indiatimes.com/city/coimbatore/8-tourists-dead-as-bus-falls-into-gorge-in-tamil-nadus-marapalam/articleshow/104072797.cms,"https://static.toiimg.com/thumb/imgsize-106766,msid-104072793,width-80,resizemode-4/104072793.jpg",
Asian Games: The 'other battles' for medals and glory,https://timesofindia.indiatimes.com/sports/asian-games-2023/india-asian-games/asian-games-the-other-battles-for-medals-and-glory/articleshow/104071785.cms,"https://static.toiimg.com/thumb/imgsize-62212,msid-104071762,width-80,resizemode-4/104071762.jpg",
Asian Games: India thrash Pakistan 10-2 in men's hockey,https://timesofindia.indiatimes.com/sports/asian-games-2023/live-updates-of-asian-games-2023-day-7-golf-equestrian-athletics-weightlifting-table-tennis-boxing/liveblog/104054939.cms,"https://static.toiimg.com/thumb/imgsize-18690,msid-104054939,width-80,resizemode-4/104054939.jpg",
TCS may completely end work-from-home for employees,https://www.gadgetsnow.com/tech-news/tcs-may-completely-end-work-from-home-for-employees-all-the-details/articleshow/104062842.cms,"https://static.toiimg.com/thumb/imgsize-776503,msid-104063029,width-80,resizemode-4/104063029.jpg",
New GST rules for gaming from October 1,https://www.gadgetsnow.com/slideshows/explained-new-gst-rules-for-gaming-from-october-1-all-thats-changing-what-they-mean-for-gamers-and-companies/photolist/104065418.cms,"https://static.toiimg.com/thumb/imgsize-17276,msid-104065919,width-80,resizemode-4/104065919.jpg",
Tim Cook on why Vision Pro is one of life's 'a-ha' moments,https://www.gadgetsnow.com/tech-news/apple-ceo-tim-cook-on-why-vision-pro-is-one-of-lifes-a-ha-moments/articleshow/104058747.cms,"https://static.toiimg.com/thumb/imgsize-33796,msid-104063081,width-80,resizemode-4/104063081.jpg",
"Hang my son, I’d have shot him: Father of Ujjain rape accused",https://timesofindia.indiatimes.com/city/indore/hang-my-son-id-have-shot-him-father-of-ujjain-rape-accused/articleshow/104052696.cms,"https://static.toiimg.com/thumb/imgsize-51758,msid-104063517,width-80,resizemode-4/104063517.jpg",
How cops scanned 5k mobile numbers to crack Rs 25cr heist,https://timesofindia.indiatimes.com/city/delhi/needle-in-a-haystack-how-cops-scanned-5k-mobile-numbers-to-crack-rs-25cr-heist/articleshow/104055687.cms,"https://static.toiimg.com/thumb/imgsize-497354,msid-104055710,width-80,resizemode-4/104055710.jpg",
Most adorable Bigg Boss couples of all time,https://timesofindia.indiatimes.com/tv/news/hindi/from-tejasswi-prakash-karan-kundrra-to-aly-goni-jasmin-bhasin-most-adorable-bigg-boss-couples/photostory/104070199.cms,"https://static.toiimg.com/thumb/imgsize-1485272,msid-104070199,width-80,resizemode-4/104070199.jpg",
Army turns to ancient Indian texts to prepare for wars of future,https://timesofindia.indiatimes.com/india/army-turns-to-ancient-indian-texts-to-prepare-for-wars-of-the-future/articleshow/104052487.cms,"https://static.toiimg.com/thumb/imgsize-25490,msid-104052488,width-80,resizemode-4/104052488.jpg",
Priyamani: I had a crush on Shah Rukh Khan,https://timesofindia.indiatimes.com/entertainment/hindi/bollywood/news/priyamani-i-had-a-crush-on-shah-rukh-khan-and-i-am-happy-that-i-got-to-work-with-him-twice-biginterview/articleshow/104058899.cms,"https://static.toiimg.com/thumb/imgsize-47272,msid-104058870,width-400,resizemode-4/104058870.jpg",
Rohit to kick-start Rambo with Tiger & Janhvi,https://timesofindia.indiatimes.com/entertainment/hindi/bollywood/news/rohit-dhawan-to-kick-start-rambo-with-tiger-shroff-and-janhvi-kapoor-soon-siddharth-malhotra-to-join-after-fighter-shoot-exclusive/articleshow/104071305.cms,"https://static.toiimg.com/thumb/imgsize-48424,msid-104071282,width-200,resizemode-4/104071282.jpg",
Esha revisits her two casting couch encounters,https://timesofindia.indiatimes.com/entertainment/hindi/bollywood/news/esha-gupta-revisits-her-two-casting-couch-encounters-there-were-two-people-who-laid-the-trap/articleshow/104071122.cms,"https://static.toiimg.com/thumb/imgsize-32968,msid-104071133,width-200,resizemode-4/104071133.jpg",
Actress' skincare routines for natural glow,https://timesofindia.indiatimes.com/entertainment/hindi/web-stories/10-bollywood-actresses-and-their-skincare-routines-that-promote-natural-glow/photostory/104073178.cms,"https://static.toiimg.com/thumb/imgsize-64986,msid-104073229,width-200,resizemode-4/104073229.jpg",
Arjun wishes Deepti on her birthday,https://timesofindia.indiatimes.com/tv/news/hindi/arjun-bijlani-wishes-maasi-and-actress-deepti-bhatnagar-on-her-56th-birthday-with-a-cute-post-says-aap-jaisa-koi-nahi-love-u-so-much/articleshow/104072138.cms,"https://static.toiimg.com/thumb/imgsize-1082997,msid-104072138,width-200,resizemode-4/104072138.jpg",
Anushka Sharma and cricketer Virat Kohli are expecting their second baby: Reports,https://timesofindia.indiatimes.com/videos/etimes/bollywood/anushka-sharma-and-cricketer-virat-kohli-are-expecting-their-second-baby-reports/videoshow/104067557.cms,"https://static.toiimg.com/thumb/imgsize-44786,msid-104067557,width-600,resizemode-4/104067557.jpg",
Anushka Sharma and cricketer Virat Kohli are expecting their second baby: Reports,https://timesofindia.indiatimes.com/videos/etimes/bollywood/anushka-sharma-and-cricketer-virat-kohli-are-expecting-their-second-baby-reports/videoshow/104067557.cms,"https://static.toiimg.com/thumb/imgsize-44786,msid-104067557,width-200,resizemode-4/104067557.jpg",
Andhra Pradesh posts 13% deficient rainfall this monsoon,https://timesofindia.indiatimes.com/city/visakhapatnam/andhra-pradesh-posts-13-deficient-rainfall-this-monsoon/articleshow/104070404.cms,"https://static.toiimg.com/thumb/imgsize-187392,msid-104070357,width-600,resizemode-4/104070357.jpg",
‘Want X-ray of India done’: Rahul Gandhi calls for caste census,https://timesofindia.indiatimes.com/videos/news/want-x-ray-of-india-done-rahul-gandhi-again-calls-for-caste-census-says-bjp-is-trembling-with-fear/videoshow/104073077.cms,"https://static.toiimg.com/thumb/imgsize-56162,msid-104073077,width-600,resizemode-4/104073077.jpg",
‘Want X-ray of India done’: Rahul Gandhi calls for caste census,https://timesofindia.indiatimes.com/videos/news/want-x-ray-of-india-done-rahul-gandhi-again-calls-for-caste-census-says-bjp-is-trembling-with-fear/videoshow/104073077.cms,"https://static.toiimg.com/thumb/imgsize-56162,msid-104073077,width-200,resizemode-4/104073077.jpg",
Asian Games: India thrash Pakistan 10-2 in men's hockey,https://timesofindia.indiatimes.com/sports/asian-games-2023/live-updates-of-asian-games-2023-day-7-golf-equestrian-athletics-weightlifting-table-tennis-boxing/liveblog/104054939.cms,"https://static.toiimg.com/thumb/imgsize-18690,msid-104054939,width-600,resizemode-4/104054939.jpg",
Asian Games: India thrash Pakistan 10-2 in men's hockey,https://timesofindia.indiatimes.com/sports/asian-games-2023/live-updates-of-asian-games-2023-day-7-golf-equestrian-athletics-weightlifting-table-tennis-boxing/liveblog/104054939.cms,"https://static.toiimg.com/thumb/imgsize-18690,msid-104054939,width-600,resizemode-4/104054939.jpg",
Apple Arcade update: New game and several new updates coming this month,https://timesofindia.indiatimes.com/gadgets-news/apple-arcade-update-new-game-and-several-new-updates-coming-this-month/articleshow/104066699.cms,"https://static.toiimg.com/thumb/imgsize-1015404,msid-104066699,width-600,resizemode-4/104066699.jpg",
Byju’s to announce its FY22 results in the second week of October,https://timesofindia.indiatimes.com/business/india-business/byjus-to-announce-its-fy22-results-in-the-second-week-of-october/articleshow/104072040.cms,"https://static.toiimg.com/thumb/imgsize-726820,msid-104072089,width-600,resizemode-4/104072089.jpg",
"Pro-Beijing frontrunner leads Maldives presidential polls as India, China influence takes centre stage",https://timesofindia.indiatimes.com/world/south-asia/pro-beijing-frontrunner-leads-maldives-presidential-polls-as-india-china-influence-takes-centre-stage/articleshow/104072895.cms,"https://static.toiimg.com/thumb/imgsize-54422,msid-104072981,width-600,resizemode-4/104072981.jpg",
AP PECET Counselling 2023 seat allotment result released on pecet-sche.aptonline.in,https://timesofindia.indiatimes.com/education/news/ap-pecet-counselling-2023-seat-allotment-result-released-on-pecet-sche-aptonline-in/articleshow/104063891.cms,"https://static.toiimg.com/thumb/imgsize-16440,msid-104066938,width-600,resizemode-4/104066938.jpg",
13 foods that were invented by accident,https://recipes.timesofindia.com/web-stories/13-foods-that-were-invented-by-accident/photostory/104048288.cms,"https://static.toiimg.com/thumb/imgsize-153040,msid-104048330,width-600,resizemode-4/104048330.jpg",
​Thalassemia: Here’s all you need to know,https://timesofindia.indiatimes.com/life-style/health-fitness/health-news/thalassemia-facts-about-this-genetic-blood-disorder/photostory/104061930.cms,"https://static.toiimg.com/thumb/imgsize-588730,msid-104061950,width-600,resizemode-4/104061950.jpg",
This Gujarat man doesn't wear helmet but doesn't get challans or fines!,https://timesofindia.indiatimes.com/auto/cars/this-gujarat-man-doesnt-wear-helmet-but-doesnt-get-challans-or-fines/articleshow/104069230.cms,"https://static.toiimg.com/thumb/imgsize-35786,msid-104069453,width-600,resizemode-4/104069453.jpg",
AP PECET Counselling 2023 seat allotment result released on pecet-sche.aptonline.in,https://timesofindia.indiatimes.com/education/news/ap-pecet-counselling-2023-seat-allotment-result-released-on-pecet-sche-aptonline-in/articleshow/104063891.cms,"https://static.toiimg.com/thumb/imgsize-16440,msid-104066938,width-600,resizemode-4/104066938.jpg",
'South Africa's national parks protect wildlife and ecosystems - they face the pressures of land and inequality',https://timesofindia.indiatimes.com/south-africas-national-parks-protect-wildlife-and-ecosystems-they-face-the-pressures-of-land-and-inequality/articleshow/104051345.cms,"https://static.toiimg.com/thumb/imgsize-23246,msid-104055986,width-600,resizemode-4/104055986.jpg",
Jonty Rhodes applauds Virat Kohli's diving technique,https://timesofindia.indiatimes.com/sports/asian-games-2023/india-asian-games/jonty-rhodes-applauds-virat-kohlis-diving-technique/articleshow/104059128.cms,https://static.toiimg.com/photo/msid-25581306/25581306.jpg,sports/cricket
Australia back Travis Head to recover for business end of ODI World Cup,https://timesofindia.indiatimes.com/sports/cricket/icc-world-cup/australia-back-travis-head-to-recover-for-business-end-of-odi-world-cup/articleshow/104070990.cms,https://static.toiimg.com/photo/msid-25581306/25581306.jpg,sports/cricket
Trent Bridge pays tribute to Stuart Broad by renaming pavilion end,https://timesofindia.indiatimes.com/sports/cricket/news/trent-bridge-pays-tribute-to-stuart-broad-by-renaming-pavilion-end/articleshow/104059911.cms,https://static.toiimg.com/photo/msid-25581306/25581306.jpg,sports/cricket
How Australia denied India a clean sweep,https://timesofindia.indiatimes.com/sports/cricket/australia-in-india/how-australia-broke-their-5-match-losing-streak-in-odis-and-denied-india-a-clean-sweep/articleshow/103996943.cms,https://static.toiimg.com/photo/msid-25581306/25581306.jpg,sports/cricket
Axar Patel ruled out of third ODI against Australia: Reports,https://timesofindia.indiatimes.com/sports/cricket/australia-in-india/axar-patels-comeback-delayed-as-injury-rules-him-out-of-third-odi-against-australia/articleshow/103928577.cms,https://static.toiimg.com/photo/msid-25581306/25581306.jpg,sports/cricket
Watch: R Ashwin decodes his magical delivery to Marnus Labuschagne,https://timesofindia.indiatimes.com/sports/cricket/australia-in-india/watch-r-ashwin-decodes-his-magical-delivery-to-marnus-labuschagne/articleshow/103936989.cms,https://static.toiimg.com/photo/msid-25581306/25581306.jpg,sports/cricket
Abbott reveals Warner's innovative approach to facing R Ashwin,https://timesofindia.indiatimes.com/sports/cricket/australia-in-india/sean-abbott-reveals-david-warners-innovative-approach-to-facing-r-ashwin/articleshow/103929713.cms,https://static.toiimg.com/photo/msid-25581306/25581306.jpg,sports/cricket
"Ahead of WC, Shreyas Iyer plays a crucial knock",https://timesofindia.indiatimes.com/sports/cricket/australia-in-india/ind-vs-aus-ahead-of-world-cup-shreyas-iyer-plays-a-crucial-knock/articleshow/103920240.cms,https://static.toiimg.com/photo/msid-25581306/25581306.jpg,sports/cricket
"R Ashwin finds a place in World Cup Team, injured Axar Patel replaced",https://timesofindia.indiatimes.com/videos/sports/cricket/r-ashwin-finds-a-place-in-world-cup-team-injured-axar-patel-replaced/videoshow/104024374.cms,https://static.toiimg.com/photo/msid-25581306/25581306.jpg,sports/cricket
"R Ashwin finds a place in World Cup Team, injured Axar Patel replaced",https://timesofindia.indiatimes.com/videos/sports/cricket/r-ashwin-finds-a-place-in-world-cup-team-injured-axar-patel-replaced/videoshow/104024374.cms,https://static.toiimg.com/photo/msid-25581306/25581306.jpg,sports/cricket
Why KL Rahul should continue as first-choice wicketkeeper-batter,https://timesofindia.indiatimes.com/videos/sports/cricket/why-kl-rahul-should-continue-as-first-choice-wicketkeeper-batter/videoshow/104001368.cms,https://static.toiimg.com/photo/msid-25581306/25581306.jpg,sports/cricket
Bengaluru: Netherlands Cricket Team releases new jersey at Golden Palms Hotel,https://timesofindia.indiatimes.com/videos/sports/cricket/bengaluru-netherlands-cricket-team-releases-new-jersey-at-golden-palms-hotel/videoshow/103948784.cms,https://static.toiimg.com/photo/msid-25581306/25581306.jpg,sports/cricket
Punjab: Indian Cricket fans elated after Men in Blue defeat Australia by 5 wickets,https://timesofindia.indiatimes.com/videos/sports/cricket/punjab-indian-cricket-fans-elated-after-men-in-blue-defeats-australia-by-5-wickets/videoshow/103879355.cms,https://static.toiimg.com/photo/msid-25581306/25581306.jpg,sports/cricket
Asia Cup 2023 Final: Full list of records that are broken as India thrash Sri Lanka to win 8th Asia Cup Title,https://timesofindia.indiatimes.com/videos/sports/cricket/asia-cup-2023-final-full-list-of-records-that-are-broken-as-india-thrash-sri-lanka-to-win-8th-asia-cup-title/videoshow/103764960.cms,https://static.toiimg.com/photo/msid-25581306/25581306.jpg,sports/cricket
“Bharat Mata ki Jai”: Fans in Colombo excited as Team India lifts Asia Cup 2023,https://timesofindia.indiatimes.com/videos/sports/cricket/bharat-mata-ki-jai-fans-in-colombo-excited-as-team-india-lifts-asia-cup-2023/videoshow/103745392.cms,https://static.toiimg.com/photo/msid-25581306/25581306.jpg,sports/cricket
Rain washes out India-England ODI World Cup warm-up game,https://timesofindia.indiatimes.com/sports/cricket/icc-world-cup/rain-washes-out-india-england-odi-world-cup-warm-up-game/articleshow/104070175.cms,https://static.toiimg.com/photo/msid-25581306/25581306.jpg,sports/cricket
New Zealand warm up with a five-wicket win over Pakistan,https://timesofindia.indiatimes.com/sports/cricket/icc-world-cup/odi-world-cup-new-zealand-warm-up-with-a-five-wicket-win-over-pakistan/articleshow/104050907.cms,https://static.toiimg.com/photo/msid-25581306/25581306.jpg,sports/cricket
Only aspect missing is...: Yuvraj weighs in on Team India squad,https://timesofindia.indiatimes.com/sports/cricket/icc-world-cup/only-aspect-missing-is-yuvraj-singh-weighs-in-on-team-india-world-cup-squad/articleshow/104047718.cms,https://static.toiimg.com/photo/msid-25581306/25581306.jpg,sports/cricket
"Litton, Tanzid and Mehidy star as Bangladesh down Lanka in WC warm-up",https://timesofindia.indiatimes.com/sports/cricket/icc-world-cup/litton-tanzid-and-mehidy-star-as-bangladesh-down-sri-lanka-in-world-cup-warm-up/articleshow/104051025.cms,https://static.toiimg.com/photo/msid-25581306/25581306.jpg,sports/cricket
Zaka Ashraf does volte-face on controversial 'Dushman Mulk' comment,https://timesofindia.indiatimes.com/sports/cricket/icc-world-cup/zaka-ashraf-does-volte-face-on-controversial-dushman-mulk-comment-calls-indian-reception-fantastic/articleshow/104049834.cms,https://static.toiimg.com/photo/msid-25581306/25581306.jpg,sports/cricket
How Australia denied India a clean sweep,https://timesofindia.indiatimes.com/sports/cricket/australia-in-india/how-australia-broke-their-5-match-losing-streak-in-odis-and-denied-india-a-clean-sweep/articleshow/103996943.cms,"https://static.toiimg.com/thumb/imgsize-79470,msid-103996951,width-600,resizemode-4/103996951.jpg",sports/cricket
"R Ashwin finds a place in World Cup Team, injured Axar Patel replaced",https://timesofindia.indiatimes.com/videos/sports/cricket/r-ashwin-finds-a-place-in-world-cup-team-injured-axar-patel-replaced/videoshow/104024374.cms,"https://static.toiimg.com/thumb/imgsize-125416,msid-104024374,width-600,resizemode-4/104024374.jpg",sports/cricket
"R Ashwin finds a place in World Cup Team, injured Axar Patel replaced",https://timesofindia.indiatimes.com/videos/sports/cricket/r-ashwin-finds-a-place-in-world-cup-team-injured-axar-patel-replaced/videoshow/104024374.cms,"https://static.toiimg.com/thumb/imgsize-125416,msid-104024374,width-200,resizemode-4/104024374.jpg",sports/cricket
Rain washes out India-England ODI World Cup warm-up game,https://timesofindia.indiatimes.com/sports/cricket/icc-world-cup/rain-washes-out-india-england-odi-world-cup-warm-up-game/articleshow/104070175.cms,"https://static.toiimg.com/thumb/imgsize-115754,msid-104070128,width-600,resizemode-4/104070128.jpg",sports/cricket
